
<entities xmlns:xsd="http://www.w3.org/2001/XMLSchema" xmlns:xsi="http://www.w3.org/2001/XMLSchema-instance" timestamp="2026-02-02T19:35:13.1238066Z">
  <entity name="appbase_externalinteraction" displayname="External Interaction">
    <records>
      <record id="ecce4c92-f9fd-f011-8406-6045bd01269d">
        <field name="appbase_actionstatus" value="147130000" />
        <field name="createdby" value="738c4d4d-6db5-f011-bbd2-000d3a335e04" lookupentity="systemuser" lookupentityname="Jeremy Hofmann" />
        <field name="createdon" value="2026-01-30T16:34:46.0000000Z" />
        <field name="appbase_details" value="&amp;lt;div class=&amp;quot;ck-content&amp;quot; data-wrapper=&amp;quot;true&amp;quot; dir=&amp;quot;ltr&amp;quot; style=&amp;quot;--ck-image-style-spacing: 1.5em; --ck-inline-image-style-spacing: calc(var(--ck-image-style-spacing) / 2); font-family: Segoe UI; font-size: 11pt;&amp;quot;&amp;gt;&amp;lt;p style=&amp;quot;margin: 0;&amp;quot;&amp;gt;Please vote no on Prop 13!&amp;lt;/p&amp;gt;&amp;lt;/div&amp;gt;" />
        <field name="appbase_externalinteractionid" value="ecce4c92-f9fd-f011-8406-6045bd01269d" />
        <field name="appbase_firstresponsedue" value="2026-02-02T08:00:00.0000000Z" />
        <field name="appbase_interactiontype" value="147130003" />
        <field name="appbase_methodofreceipt" value="147130001" />
        <field name="modifiedby" value="738c4d4d-6db5-f011-bbd2-000d3a335e04" lookupentity="systemuser" lookupentityname="Jeremy Hofmann" />
        <field name="modifiedon" value="2026-01-30T16:51:00.0000000Z" />
        <field name="appbase_name" value="Vote No on Prop 13" />
        <field name="ownerid" value="738c4d4d-6db5-f011-bbd2-000d3a335e04" lookupentity="systemuser" lookupentityname="Jeremy Hofmann" />
        <field name="owningbusinessunit" value="81854d4d-6db5-f011-bbd2-000d3a335e04" lookupentity="businessunit" lookupentityname="org6956a22a" />
        <field name="owninguser" value="738c4d4d-6db5-f011-bbd2-000d3a335e04" lookupentity="systemuser" />
        <field name="appbase_receiveddatetime" value="2026-01-30T08:00:00.0000000Z" />
        <field name="appbase_referencenumber" value="INT-12345" />
        <field name="appbase_resolutiondueon" value="2026-02-06T08:00:00.0000000Z" />
        <field name="appbase_source" value="d77bbada-fafd-f011-8406-6045bd01269d" lookupentity="appbase_externalinteractionsource" lookupentityname="Agency Portal" />
        <field name="statecode" value="0" />
        <field name="statuscode" value="1" />
        <field name="timezoneruleversionnumber" value="4" />
        <field name="appbase_topic" value="6ad6bcd4-fbfd-f011-8406-6045bd01269d" lookupentity="appbase_externalinteractiontopic" lookupentityname="Proposition 13" />
      </record>
      <record id="a571700a-0cfe-f011-8406-6045bd01269d">
        <field name="appbase_actionstatus" value="147130000" />
        <field name="createdby" value="738c4d4d-6db5-f011-bbd2-000d3a335e04" lookupentity="systemuser" lookupentityname="Jeremy Hofmann" />
        <field name="createdon" value="2026-01-30T18:46:52.0000000Z" />
        <field name="appbase_details" value="&amp;lt;div class=&amp;quot;ck-content&amp;quot; data-wrapper=&amp;quot;true&amp;quot; dir=&amp;quot;ltr&amp;quot; style=&amp;quot;--ck-image-style-spacing: 1.5em; --ck-inline-image-style-spacing: calc(var(--ck-image-style-spacing) / 2); font-family: Segoe UI; font-size: 11pt;&amp;quot;&amp;gt;&amp;lt;p style=&amp;quot;margin: 0;&amp;quot;&amp;gt;Constituent reported local business using national emblem on novelty socks without authorization.&amp;lt;/p&amp;gt;&amp;lt;/div&amp;gt;" />
        <field name="appbase_externalinteractionid" value="a571700a-0cfe-f011-8406-6045bd01269d" />
        <field name="appbase_interactiontype" value="147130004" />
        <field name="appbase_methodofreceipt" value="147130000" />
        <field name="modifiedby" value="738c4d4d-6db5-f011-bbd2-000d3a335e04" lookupentity="systemuser" lookupentityname="Jeremy Hofmann" />
        <field name="modifiedon" value="2026-02-02T19:33:13.0000000Z" />
        <field name="appbase_name" value="Report of National Symbol Misuse" />
        <field name="ownerid" value="738c4d4d-6db5-f011-bbd2-000d3a335e04" lookupentity="systemuser" lookupentityname="Jeremy Hofmann" />
        <field name="owningbusinessunit" value="81854d4d-6db5-f011-bbd2-000d3a335e04" lookupentity="businessunit" lookupentityname="org6956a22a" />
        <field name="owninguser" value="738c4d4d-6db5-f011-bbd2-000d3a335e04" lookupentity="systemuser" />
        <field name="appbase_receiveddatetime" value="2026-03-03T14:06:00.0000000Z" />
        <field name="appbase_referencenumber" value="EI-2026-001210" />
        <field name="statecode" value="0" />
        <field name="statuscode" value="1" />
        <field name="timezoneruleversionnumber" value="4" />
        <field name="appbase_topic" value="69cb11e9-6d00-f111-8406-6045bd01269d" lookupentity="appbase_externalinteractiontopic" lookupentityname="Legal Affairs" />
      </record>
      <record id="19d269c0-0cfe-f011-8406-6045bd01269d">
        <field name="appbase_actionstatus" value="147130000" />
        <field name="createdby" value="738c4d4d-6db5-f011-bbd2-000d3a335e04" lookupentity="systemuser" lookupentityname="Jeremy Hofmann" />
        <field name="createdon" value="2026-01-30T18:52:03.0000000Z" />
        <field name="appbase_details" value="&amp;lt;div class=&amp;quot;ck-content&amp;quot; data-wrapper=&amp;quot;true&amp;quot; dir=&amp;quot;ltr&amp;quot; style=&amp;quot;--ck-image-style-spacing: 1.5em; --ck-inline-image-style-spacing: calc(var(--ck-image-style-spacing) / 2); font-family: Segoe UI; font-size: 11pt;&amp;quot;&amp;gt;&amp;lt;p style=&amp;quot;margin: 0;&amp;quot;&amp;gt;Constituent asked why the national space program can launch satellites but cannot keep public Wi-Fi working in airports.&amp;lt;/p&amp;gt;&amp;lt;/div&amp;gt;" />
        <field name="appbase_externalinteractionid" value="19d269c0-0cfe-f011-8406-6045bd01269d" />
        <field name="appbase_interactiontype" value="147130000" />
        <field name="appbase_methodofreceipt" value="147130006" />
        <field name="modifiedby" value="738c4d4d-6db5-f011-bbd2-000d3a335e04" lookupentity="systemuser" lookupentityname="Jeremy Hofmann" />
        <field name="modifiedon" value="2026-02-02T19:29:10.0000000Z" />
        <field name="appbase_name" value="Inquiry on Space Program Priorities" />
        <field name="ownerid" value="738c4d4d-6db5-f011-bbd2-000d3a335e04" lookupentity="systemuser" lookupentityname="Jeremy Hofmann" />
        <field name="owningbusinessunit" value="81854d4d-6db5-f011-bbd2-000d3a335e04" lookupentity="businessunit" lookupentityname="org6956a22a" />
        <field name="owninguser" value="738c4d4d-6db5-f011-bbd2-000d3a335e04" lookupentity="systemuser" />
        <field name="appbase_receiveddatetime" value="2026-03-03T11:34:00.0000000Z" />
        <field name="appbase_referencenumber" value="EI-2026-001209" />
        <field name="statecode" value="0" />
        <field name="statuscode" value="1" />
        <field name="timezoneruleversionnumber" value="4" />
        <field name="appbase_topic" value="6a175632-11fe-f011-8406-6045bd01269d" lookupentity="appbase_externalinteractiontopic" lookupentityname="Space Program" />
      </record>
      <record id="636c35aa-13fe-f011-8406-6045bd01269d">
        <field name="appbase_actionstatus" value="147130000" />
        <field name="createdby" value="738c4d4d-6db5-f011-bbd2-000d3a335e04" lookupentity="systemuser" lookupentityname="Jeremy Hofmann" />
        <field name="createdon" value="2026-01-30T19:41:27.0000000Z" />
        <field name="appbase_details" value="&amp;lt;div class=&amp;quot;ck-content&amp;quot; data-wrapper=&amp;quot;true&amp;quot; dir=&amp;quot;ltr&amp;quot; style=&amp;quot;--ck-image-style-spacing: 1.5em; --ck-inline-image-style-spacing: calc(var(--ck-image-style-spacing) / 2); font-family: Segoe UI; font-size: 11pt;&amp;quot;&amp;gt;&amp;lt;p style=&amp;quot;margin: 0;&amp;quot;&amp;gt;Constituent reported being on hold for 47 minutes listening to the same 12-second flute loop.&amp;lt;/p&amp;gt;&amp;lt;/div&amp;gt;" />
        <field name="appbase_externalinteractionid" value="636c35aa-13fe-f011-8406-6045bd01269d" />
        <field name="appbase_interactiontype" value="147130002" />
        <field name="appbase_methodofreceipt" value="147130001" />
        <field name="modifiedby" value="738c4d4d-6db5-f011-bbd2-000d3a335e04" lookupentity="systemuser" lookupentityname="Jeremy Hofmann" />
        <field name="modifiedon" value="2026-02-02T19:32:47.0000000Z" />
        <field name="appbase_name" value="Complaint About Hold Music" />
        <field name="ownerid" value="738c4d4d-6db5-f011-bbd2-000d3a335e04" lookupentity="systemuser" lookupentityname="Jeremy Hofmann" />
        <field name="owningbusinessunit" value="81854d4d-6db5-f011-bbd2-000d3a335e04" lookupentity="businessunit" lookupentityname="org6956a22a" />
        <field name="owninguser" value="738c4d4d-6db5-f011-bbd2-000d3a335e04" lookupentity="systemuser" />
        <field name="appbase_receiveddatetime" value="2026-03-03T09:52:00.0000000Z" />
        <field name="appbase_referencenumber" value="EI-2026-001208" />
        <field name="statecode" value="0" />
        <field name="statuscode" value="1" />
        <field name="timezoneruleversionnumber" value="4" />
        <field name="appbase_topic" value="f7d11cb7-6d00-f111-8406-6045bd01269d" lookupentity="appbase_externalinteractiontopic" lookupentityname="Customer Service" />
      </record>
      <record id="a8fbd7d3-6c00-f111-8406-6045bd01269d">
        <field name="appbase_actionstatus" value="147130000" />
        <field name="createdby" value="738c4d4d-6db5-f011-bbd2-000d3a335e04" lookupentity="systemuser" lookupentityname="Jeremy Hofmann" />
        <field name="createdon" value="2026-02-02T19:24:46.0000000Z" />
        <field name="appbase_details" value="&amp;lt;div class=&amp;quot;ck-content&amp;quot; data-wrapper=&amp;quot;true&amp;quot; dir=&amp;quot;ltr&amp;quot; style=&amp;quot;--ck-image-style-spacing: 1.5em; --ck-inline-image-style-spacing: calc(var(--ck-image-style-spacing) / 2); font-family: Segoe UI; font-size: 11pt;&amp;quot;&amp;gt;&amp;lt;p style=&amp;quot;margin: 0;&amp;quot;&amp;gt;Constituent praised the new national transit map app, noting it shows trains that actually exist.&amp;lt;/p&amp;gt;&amp;lt;/div&amp;gt;" />
        <field name="appbase_externalinteractionid" value="a8fbd7d3-6c00-f111-8406-6045bd01269d" />
        <field name="appbase_interactiontype" value="147130003" />
        <field name="appbase_methodofreceipt" value="147130002" />
        <field name="modifiedby" value="738c4d4d-6db5-f011-bbd2-000d3a335e04" lookupentity="systemuser" lookupentityname="Jeremy Hofmann" />
        <field name="modifiedon" value="2026-02-02T19:32:39.0000000Z" />
        <field name="appbase_name" value="Appreciation for Free Map App" />
        <field name="ownerid" value="738c4d4d-6db5-f011-bbd2-000d3a335e04" lookupentity="systemuser" lookupentityname="Jeremy Hofmann" />
        <field name="owningbusinessunit" value="81854d4d-6db5-f011-bbd2-000d3a335e04" lookupentity="businessunit" lookupentityname="org6956a22a" />
        <field name="owninguser" value="738c4d4d-6db5-f011-bbd2-000d3a335e04" lookupentity="systemuser" />
        <field name="appbase_receiveddatetime" value="2026-03-02T09:08:00.0000000Z" />
        <field name="appbase_referencenumber" value="EI-2026-001201" />
        <field name="statecode" value="0" />
        <field name="statuscode" value="1" />
        <field name="timezoneruleversionnumber" value="4" />
        <field name="appbase_topic" value="1877a6a7-6d00-f111-8406-6045bd01269d" lookupentity="appbase_externalinteractiontopic" lookupentityname="Transportation" />
      </record>
      <record id="d01aa8e4-6c00-f111-8406-6045bd01269d">
        <field name="appbase_actionstatus" value="147130000" />
        <field name="createdby" value="738c4d4d-6db5-f011-bbd2-000d3a335e04" lookupentity="systemuser" lookupentityname="Jeremy Hofmann" />
        <field name="createdon" value="2026-02-02T19:25:19.0000000Z" />
        <field name="appbase_details" value="&amp;lt;div class=&amp;quot;ck-content&amp;quot; data-wrapper=&amp;quot;true&amp;quot; dir=&amp;quot;ltr&amp;quot; style=&amp;quot;--ck-image-style-spacing: 1.5em; --ck-inline-image-style-spacing: calc(var(--ck-image-style-spacing) / 2); font-family: Segoe UI; font-size: 11pt;&amp;quot;&amp;gt;&amp;lt;p style=&amp;quot;margin: 0;&amp;quot;&amp;gt;Constituent reports passport application processing for 11 weeks; honeymoon in 9 days.&amp;lt;/p&amp;gt;&amp;lt;/div&amp;gt;" />
        <field name="appbase_externalinteractionid" value="d01aa8e4-6c00-f111-8406-6045bd01269d" />
        <field name="appbase_interactiontype" value="147130002" />
        <field name="appbase_methodofreceipt" value="147130001" />
        <field name="modifiedby" value="738c4d4d-6db5-f011-bbd2-000d3a335e04" lookupentity="systemuser" lookupentityname="Jeremy Hofmann" />
        <field name="modifiedon" value="2026-02-02T19:32:58.0000000Z" />
        <field name="appbase_name" value="Passport Delayed for Honeymoon" />
        <field name="ownerid" value="738c4d4d-6db5-f011-bbd2-000d3a335e04" lookupentity="systemuser" lookupentityname="Jeremy Hofmann" />
        <field name="owningbusinessunit" value="81854d4d-6db5-f011-bbd2-000d3a335e04" lookupentity="businessunit" lookupentityname="org6956a22a" />
        <field name="owninguser" value="738c4d4d-6db5-f011-bbd2-000d3a335e04" lookupentity="systemuser" />
        <field name="appbase_receiveddatetime" value="2026-03-02T09:41:00.0000000Z" />
        <field name="appbase_referencenumber" value="EI-2026-001202" />
        <field name="statecode" value="0" />
        <field name="statuscode" value="1" />
        <field name="timezoneruleversionnumber" value="4" />
        <field name="appbase_topic" value="8f9ba5e0-6d00-f111-8406-6045bd01269d" lookupentity="appbase_externalinteractiontopic" lookupentityname="Permits and Licensing" />
      </record>
      <record id="233f01fe-6c00-f111-8406-6045bd01269d">
        <field name="appbase_actionstatus" value="147130000" />
        <field name="createdby" value="738c4d4d-6db5-f011-bbd2-000d3a335e04" lookupentity="systemuser" lookupentityname="Jeremy Hofmann" />
        <field name="createdon" value="2026-02-02T19:25:56.0000000Z" />
        <field name="appbase_details" value="&amp;lt;div class=&amp;quot;ck-content&amp;quot; data-wrapper=&amp;quot;true&amp;quot; dir=&amp;quot;ltr&amp;quot; style=&amp;quot;--ck-image-style-spacing: 1.5em; --ck-inline-image-style-spacing: calc(var(--ck-image-style-spacing) / 2); font-family: Segoe UI; font-size: 11pt;&amp;quot;&amp;gt;&amp;lt;p style=&amp;quot;margin: 0;&amp;quot;&amp;gt;Constituent asked whether the proposed “National Nap Day” would be a paid federal holiday.&amp;lt;/p&amp;gt;&amp;lt;/div&amp;gt;" />
        <field name="appbase_externalinteractionid" value="233f01fe-6c00-f111-8406-6045bd01269d" />
        <field name="appbase_interactiontype" value="147130000" />
        <field name="appbase_methodofreceipt" value="147130002" />
        <field name="modifiedby" value="738c4d4d-6db5-f011-bbd2-000d3a335e04" lookupentity="systemuser" lookupentityname="Jeremy Hofmann" />
        <field name="modifiedon" value="2026-02-02T19:34:06.0000000Z" />
        <field name="appbase_name" value="Question About National Day Off" />
        <field name="ownerid" value="738c4d4d-6db5-f011-bbd2-000d3a335e04" lookupentity="systemuser" lookupentityname="Jeremy Hofmann" />
        <field name="owningbusinessunit" value="81854d4d-6db5-f011-bbd2-000d3a335e04" lookupentity="businessunit" lookupentityname="org6956a22a" />
        <field name="owninguser" value="738c4d4d-6db5-f011-bbd2-000d3a335e04" lookupentity="systemuser" />
        <field name="appbase_receiveddatetime" value="2026-03-02T10:26:00.0000000Z" />
        <field name="appbase_referencenumber" value="EI-2026-001203" />
        <field name="statecode" value="0" />
        <field name="statuscode" value="1" />
        <field name="timezoneruleversionnumber" value="4" />
        <field name="appbase_topic" value="26b41513-6e00-f111-8406-6045bd01269d" lookupentity="appbase_externalinteractiontopic" lookupentityname="State Issues" />
      </record>
      <record id="edcf1f1b-6d00-f111-8406-6045bd01269d">
        <field name="appbase_actionstatus" value="147130000" />
        <field name="createdby" value="738c4d4d-6db5-f011-bbd2-000d3a335e04" lookupentity="systemuser" lookupentityname="Jeremy Hofmann" />
        <field name="createdon" value="2026-02-02T19:26:44.0000000Z" />
        <field name="appbase_details" value="&amp;lt;div class=&amp;quot;ck-content&amp;quot; data-wrapper=&amp;quot;true&amp;quot; dir=&amp;quot;ltr&amp;quot; style=&amp;quot;--ck-image-style-spacing: 1.5em; --ck-inline-image-style-spacing: calc(var(--ck-image-style-spacing) / 2); font-family: Segoe UI; font-size: 11pt;&amp;quot;&amp;gt;&amp;lt;p style=&amp;quot;margin: 0;&amp;quot;&amp;gt;Local mayor invited the Prime Minister to attend the Grand Opening of the World’s Largest Rubber Duck.&amp;lt;/p&amp;gt;&amp;lt;/div&amp;gt;" />
        <field name="appbase_externalinteractionid" value="edcf1f1b-6d00-f111-8406-6045bd01269d" />
        <field name="appbase_interactiontype" value="147130001" />
        <field name="appbase_methodofreceipt" value="147130006" />
        <field name="modifiedby" value="738c4d4d-6db5-f011-bbd2-000d3a335e04" lookupentity="systemuser" lookupentityname="Jeremy Hofmann" />
        <field name="modifiedon" value="2026-02-02T19:33:59.0000000Z" />
        <field name="appbase_name" value="Request for Prime Minister Appearance" />
        <field name="ownerid" value="738c4d4d-6db5-f011-bbd2-000d3a335e04" lookupentity="systemuser" lookupentityname="Jeremy Hofmann" />
        <field name="owningbusinessunit" value="81854d4d-6db5-f011-bbd2-000d3a335e04" lookupentity="businessunit" lookupentityname="org6956a22a" />
        <field name="owninguser" value="738c4d4d-6db5-f011-bbd2-000d3a335e04" lookupentity="systemuser" />
        <field name="appbase_receiveddatetime" value="2026-03-02T11:10:00.0000000Z" />
        <field name="appbase_referencenumber" value="EI-2026-001204" />
        <field name="statecode" value="0" />
        <field name="statuscode" value="1" />
        <field name="timezoneruleversionnumber" value="4" />
        <field name="appbase_topic" value="26b41513-6e00-f111-8406-6045bd01269d" lookupentity="appbase_externalinteractiontopic" lookupentityname="State Issues" />
      </record>
      <record id="53ff5134-6d00-f111-8406-6045bd01269d">
        <field name="appbase_actionstatus" value="147130000" />
        <field name="createdby" value="738c4d4d-6db5-f011-bbd2-000d3a335e04" lookupentity="systemuser" lookupentityname="Jeremy Hofmann" />
        <field name="createdon" value="2026-02-02T19:27:31.0000000Z" />
        <field name="appbase_details" value="&amp;lt;div class=&amp;quot;ck-content&amp;quot; data-wrapper=&amp;quot;true&amp;quot; dir=&amp;quot;ltr&amp;quot; style=&amp;quot;--ck-image-style-spacing: 1.5em; --ck-inline-image-style-spacing: calc(var(--ck-image-style-spacing) / 2); font-family: Segoe UI; font-size: 11pt;&amp;quot;&amp;gt;&amp;lt;p style=&amp;quot;margin: 0;&amp;quot;&amp;gt;Constituent reported a highway sign reading “Merge Eventually” with no visible merge point for several miles.&amp;lt;/p&amp;gt;&amp;lt;/div&amp;gt;" />
        <field name="appbase_externalinteractionid" value="53ff5134-6d00-f111-8406-6045bd01269d" />
        <field name="appbase_interactiontype" value="147130004" />
        <field name="appbase_methodofreceipt" value="147130001" />
        <field name="modifiedby" value="738c4d4d-6db5-f011-bbd2-000d3a335e04" lookupentity="systemuser" lookupentityname="Jeremy Hofmann" />
        <field name="modifiedon" value="2026-02-02T19:33:09.0000000Z" />
        <field name="appbase_name" value="Report of Highway Sign Confusion" />
        <field name="ownerid" value="738c4d4d-6db5-f011-bbd2-000d3a335e04" lookupentity="systemuser" lookupentityname="Jeremy Hofmann" />
        <field name="owningbusinessunit" value="81854d4d-6db5-f011-bbd2-000d3a335e04" lookupentity="businessunit" lookupentityname="org6956a22a" />
        <field name="owninguser" value="738c4d4d-6db5-f011-bbd2-000d3a335e04" lookupentity="systemuser" />
        <field name="appbase_receiveddatetime" value="2026-03-02T13:54:00.0000000Z" />
        <field name="appbase_referencenumber" value="EI-2026-001205" />
        <field name="statecode" value="0" />
        <field name="statuscode" value="1" />
        <field name="timezoneruleversionnumber" value="4" />
        <field name="appbase_topic" value="1877a6a7-6d00-f111-8406-6045bd01269d" lookupentity="appbase_externalinteractiontopic" lookupentityname="Transportation" />
      </record>
      <record id="97f7ec45-6d00-f111-8406-6045bd01269d">
        <field name="appbase_actionstatus" value="147130000" />
        <field name="createdby" value="738c4d4d-6db5-f011-bbd2-000d3a335e04" lookupentity="systemuser" lookupentityname="Jeremy Hofmann" />
        <field name="createdon" value="2026-02-02T19:28:04.0000000Z" />
        <field name="appbase_details" value="&amp;lt;div class=&amp;quot;ck-content&amp;quot; data-wrapper=&amp;quot;true&amp;quot; dir=&amp;quot;ltr&amp;quot; style=&amp;quot;--ck-image-style-spacing: 1.5em; --ck-inline-image-style-spacing: calc(var(--ck-image-style-spacing) / 2); font-family: Segoe UI; font-size: 11pt;&amp;quot;&amp;gt;&amp;lt;p style=&amp;quot;margin: 0;&amp;quot;&amp;gt;Constituent expressed concern that the government is secretly controlling the weather and requested confirmation or denial.&amp;lt;/p&amp;gt;&amp;lt;/div&amp;gt;" />
        <field name="appbase_externalinteractionid" value="97f7ec45-6d00-f111-8406-6045bd01269d" />
        <field name="appbase_interactiontype" value="147130003" />
        <field name="appbase_methodofreceipt" value="147130000" />
        <field name="modifiedby" value="738c4d4d-6db5-f011-bbd2-000d3a335e04" lookupentity="systemuser" lookupentityname="Jeremy Hofmann" />
        <field name="modifiedon" value="2026-02-02T19:32:52.0000000Z" />
        <field name="appbase_name" value="Concern About Weather Control Rumors" />
        <field name="ownerid" value="738c4d4d-6db5-f011-bbd2-000d3a335e04" lookupentity="systemuser" lookupentityname="Jeremy Hofmann" />
        <field name="owningbusinessunit" value="81854d4d-6db5-f011-bbd2-000d3a335e04" lookupentity="businessunit" lookupentityname="org6956a22a" />
        <field name="owninguser" value="738c4d4d-6db5-f011-bbd2-000d3a335e04" lookupentity="systemuser" />
        <field name="appbase_receiveddatetime" value="2026-03-02T15:37:00.0000000Z" />
        <field name="appbase_referencenumber" value="EI-2026-001206" />
        <field name="statecode" value="0" />
        <field name="statuscode" value="1" />
        <field name="timezoneruleversionnumber" value="4" />
        <field name="appbase_topic" value="723324b1-6d00-f111-8406-6045bd01269d" lookupentity="appbase_externalinteractiontopic" lookupentityname="Environment" />
      </record>
      <record id="c872e859-6d00-f111-8406-6045bd01269d">
        <field name="appbase_actionstatus" value="147130000" />
        <field name="createdby" value="738c4d4d-6db5-f011-bbd2-000d3a335e04" lookupentity="systemuser" lookupentityname="Jeremy Hofmann" />
        <field name="createdon" value="2026-02-02T19:28:34.0000000Z" />
        <field name="appbase_details" value="&amp;lt;div class=&amp;quot;ck-content&amp;quot; data-wrapper=&amp;quot;true&amp;quot; dir=&amp;quot;ltr&amp;quot; style=&amp;quot;--ck-image-style-spacing: 1.5em; --ck-inline-image-style-spacing: calc(var(--ck-image-style-spacing) / 2); font-family: Segoe UI; font-size: 11pt;&amp;quot;&amp;gt;&amp;lt;p style=&amp;quot;margin: 0;&amp;quot;&amp;gt;Constituent submitted additional documentation for citizenship application, including certified birth records and a family photo.&amp;lt;/p&amp;gt;&amp;lt;/div&amp;gt;" />
        <field name="appbase_externalinteractionid" value="c872e859-6d00-f111-8406-6045bd01269d" />
        <field name="appbase_interactiontype" value="147130005" />
        <field name="appbase_methodofreceipt" value="147130000" />
        <field name="modifiedby" value="738c4d4d-6db5-f011-bbd2-000d3a335e04" lookupentity="systemuser" lookupentityname="Jeremy Hofmann" />
        <field name="modifiedon" value="2026-02-02T19:33:21.0000000Z" />
        <field name="appbase_name" value="Submission of Citizenship Documents" />
        <field name="ownerid" value="738c4d4d-6db5-f011-bbd2-000d3a335e04" lookupentity="systemuser" lookupentityname="Jeremy Hofmann" />
        <field name="owningbusinessunit" value="81854d4d-6db5-f011-bbd2-000d3a335e04" lookupentity="businessunit" lookupentityname="org6956a22a" />
        <field name="owninguser" value="738c4d4d-6db5-f011-bbd2-000d3a335e04" lookupentity="systemuser" />
        <field name="appbase_receiveddatetime" value="2026-03-03T08:19:00.0000000Z" />
        <field name="appbase_referencenumber" value="EI-2026-001207" />
        <field name="statecode" value="0" />
        <field name="statuscode" value="1" />
        <field name="timezoneruleversionnumber" value="4" />
        <field name="appbase_topic" value="e2503ac1-6d00-f111-8406-6045bd01269d" lookupentity="appbase_externalinteractiontopic" lookupentityname="Citizenship and Immigration" />
      </record>
    </records>
    <m2mrelationships />
  </entity>
  <entity name="appbase_externalinteractiontopic" displayname="External Interaction Topic">
    <records>
      <record id="6ad6bcd4-fbfd-f011-8406-6045bd01269d">
        <field name="createdby" value="738c4d4d-6db5-f011-bbd2-000d3a335e04" lookupentity="systemuser" lookupentityname="Jeremy Hofmann" />
        <field name="createdon" value="2026-01-30T16:50:50.0000000Z" />
        <field name="appbase_externalinteractiontopicid" value="6ad6bcd4-fbfd-f011-8406-6045bd01269d" />
        <field name="modifiedby" value="738c4d4d-6db5-f011-bbd2-000d3a335e04" lookupentity="systemuser" lookupentityname="Jeremy Hofmann" />
        <field name="modifiedon" value="2026-02-02T19:31:53.0000000Z" />
        <field name="appbase_name" value="Proposition 13" />
        <field name="ownerid" value="738c4d4d-6db5-f011-bbd2-000d3a335e04" lookupentity="systemuser" lookupentityname="Jeremy Hofmann" />
        <field name="owningbusinessunit" value="81854d4d-6db5-f011-bbd2-000d3a335e04" lookupentity="businessunit" lookupentityname="org6956a22a" />
        <field name="owninguser" value="738c4d4d-6db5-f011-bbd2-000d3a335e04" lookupentity="systemuser" />
        <field name="statecode" value="0" />
        <field name="statuscode" value="1" />
      </record>
      <record id="6a175632-11fe-f011-8406-6045bd01269d">
        <field name="createdby" value="738c4d4d-6db5-f011-bbd2-000d3a335e04" lookupentity="systemuser" lookupentityname="Jeremy Hofmann" />
        <field name="createdon" value="2026-01-30T19:23:51.0000000Z" />
        <field name="appbase_externalinteractiontopicid" value="6a175632-11fe-f011-8406-6045bd01269d" />
        <field name="modifiedby" value="738c4d4d-6db5-f011-bbd2-000d3a335e04" lookupentity="systemuser" lookupentityname="Jeremy Hofmann" />
        <field name="modifiedon" value="2026-01-30T19:23:51.0000000Z" />
        <field name="appbase_name" value="Space Program" />
        <field name="ownerid" value="738c4d4d-6db5-f011-bbd2-000d3a335e04" lookupentity="systemuser" lookupentityname="Jeremy Hofmann" />
        <field name="owningbusinessunit" value="81854d4d-6db5-f011-bbd2-000d3a335e04" lookupentity="businessunit" lookupentityname="org6956a22a" />
        <field name="owninguser" value="738c4d4d-6db5-f011-bbd2-000d3a335e04" lookupentity="systemuser" />
        <field name="statecode" value="0" />
        <field name="statuscode" value="1" />
      </record>
      <record id="1877a6a7-6d00-f111-8406-6045bd01269d">
        <field name="createdby" value="738c4d4d-6db5-f011-bbd2-000d3a335e04" lookupentity="systemuser" lookupentityname="Jeremy Hofmann" />
        <field name="createdon" value="2026-02-02T19:30:47.0000000Z" />
        <field name="appbase_externalinteractiontopicid" value="1877a6a7-6d00-f111-8406-6045bd01269d" />
        <field name="modifiedby" value="738c4d4d-6db5-f011-bbd2-000d3a335e04" lookupentity="systemuser" lookupentityname="Jeremy Hofmann" />
        <field name="modifiedon" value="2026-02-02T19:30:47.0000000Z" />
        <field name="appbase_name" value="Transportation" />
        <field name="ownerid" value="738c4d4d-6db5-f011-bbd2-000d3a335e04" lookupentity="systemuser" lookupentityname="Jeremy Hofmann" />
        <field name="owningbusinessunit" value="81854d4d-6db5-f011-bbd2-000d3a335e04" lookupentity="businessunit" lookupentityname="org6956a22a" />
        <field name="owninguser" value="738c4d4d-6db5-f011-bbd2-000d3a335e04" lookupentity="systemuser" />
        <field name="statecode" value="0" />
        <field name="statuscode" value="1" />
      </record>
      <record id="723324b1-6d00-f111-8406-6045bd01269d">
        <field name="createdby" value="738c4d4d-6db5-f011-bbd2-000d3a335e04" lookupentity="systemuser" lookupentityname="Jeremy Hofmann" />
        <field name="createdon" value="2026-02-02T19:30:55.0000000Z" />
        <field name="appbase_externalinteractiontopicid" value="723324b1-6d00-f111-8406-6045bd01269d" />
        <field name="modifiedby" value="738c4d4d-6db5-f011-bbd2-000d3a335e04" lookupentity="systemuser" lookupentityname="Jeremy Hofmann" />
        <field name="modifiedon" value="2026-02-02T19:30:55.0000000Z" />
        <field name="appbase_name" value="Environment" />
        <field name="ownerid" value="738c4d4d-6db5-f011-bbd2-000d3a335e04" lookupentity="systemuser" lookupentityname="Jeremy Hofmann" />
        <field name="owningbusinessunit" value="81854d4d-6db5-f011-bbd2-000d3a335e04" lookupentity="businessunit" lookupentityname="org6956a22a" />
        <field name="owninguser" value="738c4d4d-6db5-f011-bbd2-000d3a335e04" lookupentity="systemuser" />
        <field name="statecode" value="0" />
        <field name="statuscode" value="1" />
      </record>
      <record id="f7d11cb7-6d00-f111-8406-6045bd01269d">
        <field name="createdby" value="738c4d4d-6db5-f011-bbd2-000d3a335e04" lookupentity="systemuser" lookupentityname="Jeremy Hofmann" />
        <field name="createdon" value="2026-02-02T19:31:09.0000000Z" />
        <field name="appbase_externalinteractiontopicid" value="f7d11cb7-6d00-f111-8406-6045bd01269d" />
        <field name="modifiedby" value="738c4d4d-6db5-f011-bbd2-000d3a335e04" lookupentity="systemuser" lookupentityname="Jeremy Hofmann" />
        <field name="modifiedon" value="2026-02-02T19:31:09.0000000Z" />
        <field name="appbase_name" value="Customer Service" />
        <field name="ownerid" value="738c4d4d-6db5-f011-bbd2-000d3a335e04" lookupentity="systemuser" lookupentityname="Jeremy Hofmann" />
        <field name="owningbusinessunit" value="81854d4d-6db5-f011-bbd2-000d3a335e04" lookupentity="businessunit" lookupentityname="org6956a22a" />
        <field name="owninguser" value="738c4d4d-6db5-f011-bbd2-000d3a335e04" lookupentity="systemuser" />
        <field name="statecode" value="0" />
        <field name="statuscode" value="1" />
      </record>
      <record id="e2503ac1-6d00-f111-8406-6045bd01269d">
        <field name="createdby" value="738c4d4d-6db5-f011-bbd2-000d3a335e04" lookupentity="systemuser" lookupentityname="Jeremy Hofmann" />
        <field name="createdon" value="2026-02-02T19:31:22.0000000Z" />
        <field name="appbase_externalinteractiontopicid" value="e2503ac1-6d00-f111-8406-6045bd01269d" />
        <field name="modifiedby" value="738c4d4d-6db5-f011-bbd2-000d3a335e04" lookupentity="systemuser" lookupentityname="Jeremy Hofmann" />
        <field name="modifiedon" value="2026-02-02T19:31:22.0000000Z" />
        <field name="appbase_name" value="Citizenship and Immigration" />
        <field name="ownerid" value="738c4d4d-6db5-f011-bbd2-000d3a335e04" lookupentity="systemuser" lookupentityname="Jeremy Hofmann" />
        <field name="owningbusinessunit" value="81854d4d-6db5-f011-bbd2-000d3a335e04" lookupentity="businessunit" lookupentityname="org6956a22a" />
        <field name="owninguser" value="738c4d4d-6db5-f011-bbd2-000d3a335e04" lookupentity="systemuser" />
        <field name="statecode" value="0" />
        <field name="statuscode" value="1" />
      </record>
      <record id="8f9ba5e0-6d00-f111-8406-6045bd01269d">
        <field name="createdby" value="738c4d4d-6db5-f011-bbd2-000d3a335e04" lookupentity="systemuser" lookupentityname="Jeremy Hofmann" />
        <field name="createdon" value="2026-02-02T19:32:15.0000000Z" />
        <field name="appbase_externalinteractiontopicid" value="8f9ba5e0-6d00-f111-8406-6045bd01269d" />
        <field name="modifiedby" value="738c4d4d-6db5-f011-bbd2-000d3a335e04" lookupentity="systemuser" lookupentityname="Jeremy Hofmann" />
        <field name="modifiedon" value="2026-02-02T19:32:15.0000000Z" />
        <field name="appbase_name" value="Permits and Licensing" />
        <field name="ownerid" value="738c4d4d-6db5-f011-bbd2-000d3a335e04" lookupentity="systemuser" lookupentityname="Jeremy Hofmann" />
        <field name="owningbusinessunit" value="81854d4d-6db5-f011-bbd2-000d3a335e04" lookupentity="businessunit" lookupentityname="org6956a22a" />
        <field name="owninguser" value="738c4d4d-6db5-f011-bbd2-000d3a335e04" lookupentity="systemuser" />
        <field name="statecode" value="0" />
        <field name="statuscode" value="1" />
      </record>
      <record id="69cb11e9-6d00-f111-8406-6045bd01269d">
        <field name="createdby" value="738c4d4d-6db5-f011-bbd2-000d3a335e04" lookupentity="systemuser" lookupentityname="Jeremy Hofmann" />
        <field name="createdon" value="2026-02-02T19:32:29.0000000Z" />
        <field name="appbase_externalinteractiontopicid" value="69cb11e9-6d00-f111-8406-6045bd01269d" />
        <field name="modifiedby" value="738c4d4d-6db5-f011-bbd2-000d3a335e04" lookupentity="systemuser" lookupentityname="Jeremy Hofmann" />
        <field name="modifiedon" value="2026-02-02T19:32:29.0000000Z" />
        <field name="appbase_name" value="Legal Affairs" />
        <field name="ownerid" value="738c4d4d-6db5-f011-bbd2-000d3a335e04" lookupentity="systemuser" lookupentityname="Jeremy Hofmann" />
        <field name="owningbusinessunit" value="81854d4d-6db5-f011-bbd2-000d3a335e04" lookupentity="businessunit" lookupentityname="org6956a22a" />
        <field name="owninguser" value="738c4d4d-6db5-f011-bbd2-000d3a335e04" lookupentity="systemuser" />
        <field name="statecode" value="0" />
        <field name="statuscode" value="1" />
      </record>
      <record id="26b41513-6e00-f111-8406-6045bd01269d">
        <field name="createdby" value="738c4d4d-6db5-f011-bbd2-000d3a335e04" lookupentity="systemuser" lookupentityname="Jeremy Hofmann" />
        <field name="createdon" value="2026-02-02T19:33:48.0000000Z" />
        <field name="appbase_externalinteractiontopicid" value="26b41513-6e00-f111-8406-6045bd01269d" />
        <field name="modifiedby" value="738c4d4d-6db5-f011-bbd2-000d3a335e04" lookupentity="systemuser" lookupentityname="Jeremy Hofmann" />
        <field name="modifiedon" value="2026-02-02T19:33:48.0000000Z" />
        <field name="appbase_name" value="State Issues" />
        <field name="ownerid" value="738c4d4d-6db5-f011-bbd2-000d3a335e04" lookupentity="systemuser" lookupentityname="Jeremy Hofmann" />
        <field name="owningbusinessunit" value="81854d4d-6db5-f011-bbd2-000d3a335e04" lookupentity="businessunit" lookupentityname="org6956a22a" />
        <field name="owninguser" value="738c4d4d-6db5-f011-bbd2-000d3a335e04" lookupentity="systemuser" />
        <field name="statecode" value="0" />
        <field name="statuscode" value="1" />
      </record>
    </records>
    <m2mrelationships />
  </entity>
</entities>